Nth, string addition, bignum fast doubling 
0 ,8891,10571
1 ,3115,4048
2 ,4092,2360
3 ,5794,3881
4 ,8130,3085
5 ,9408,3026
6 ,11113,2978
7 ,12868,3237
8 ,14598,3327
9 ,18003,3377
10 ,18612,3286
11 ,20280,3829
12 ,22031,3636
13 ,23815,5695
14 ,25518,3419
15 ,27243,3301
16 ,28963,3441
17 ,30728,3622
18 ,32508,3481
19 ,34233,3466
20 ,37470,3446
21 ,38251,3557
22 ,39980,3527
23 ,41714,3490
24 ,43469,3463
25 ,45131,3675
26 ,46885,3634
27 ,48630,3682
28 ,50362,3511
29 ,52152,5232
30 ,53774,3622
31 ,55510,3630
32 ,57258,3731
33 ,58953,3725
34 ,60696,3721
35 ,62446,3785
36 ,66614,3764
37 ,65972,3788
38 ,67683,3771
39 ,69375,3766
40 ,71094,3770
41 ,75462,3792
42 ,75559,3757
43 ,77288,3830
44 ,79016,3765
45 ,80710,5637
46 ,82420,3839
47 ,84189,3806
48 ,85947,3800
49 ,87677,3762
50 ,89426,3849
51 ,91133,3866
52 ,92900,3801
53 ,94619,3836
54 ,96369,3861
55 ,98058,3871
56 ,99770,3898
57 ,101551,3899
58 ,103185,3849
59 ,104964,3841
60 ,106737,3929
61 ,108479,5281
62 ,110242,3894
63 ,112303,3869
64 ,113695,4055
65 ,115402,4079
66 ,117202,4026
67 ,118845,4022
68 ,120580,4014
69 ,122305,4091
70 ,124089,4068
71 ,125788,4069
72 ,127531,4060
73 ,129308,4083
74 ,133230,4137
75 ,132803,4143
76 ,134526,4088
77 ,136185,5511
78 ,138038,4153
79 ,139729,4168
80 ,141401,4112
81 ,143159,4113
82 ,144903,4118
83 ,146586,4152
84 ,153784,4154
85 ,151952,4147
86 ,153858,4151
87 ,155552,4137
88 ,158067,4133
89 ,158976,4175
90 ,160860,4181
91 ,162282,4177
92 ,164045,4160
93 ,165675,5632
94 ,167570,4395
95 ,169303,4308
96 ,171041,4272
97 ,172706,4231
98 ,174441,4285
99 ,178518,4310
100 ,177907,4210
101 ,179694,4221
102 ,181497,4287
103 ,183226,4339
104 ,184942,4264
105 ,186569,4253
106 ,188298,4232
107 ,190042,4317
108 ,191776,4278
109 ,193528,5790
110 ,195846,4319
111 ,196961,4306
112 ,198707,4324
113 ,200456,4269
114 ,202188,4270
115 ,203995,4331
116 ,205668,4290
117 ,207232,4376
118 ,209064,4369
119 ,213160,4363
120 ,212675,4304
121 ,214319,4336
122 ,216002,4374
123 ,217763,4403
124 ,219545,4350
125 ,221241,5910
126 ,222991,4354
127 ,224748,4460
128 ,226392,4554
129 ,228251,4500
130 ,229939,4555
131 ,231585,4614
132 ,233332,4591
133 ,235091,4566
134 ,236955,4590
135 ,238597,4574
136 ,242364,4583
137 ,242115,4595
138 ,243745,4613
139 ,245525,4563
140 ,247235,4561
141 ,248949,6190
142 ,250695,4718
143 ,252393,4658
144 ,254181,4626
145 ,255908,4570
146 ,257661,4644
147 ,259323,4623
148 ,261032,4595
149 ,262877,4644
150 ,264939,4656
151 ,268438,4675
152 ,268455,4659
153 ,269939,4669
154 ,271787,4615
155 ,273347,4736
156 ,275133,4685
157 ,276943,6076
158 ,278554,4696
159 ,280124,4713
160 ,281907,4737
161 ,283767,4669
162 ,285413,4629
163 ,287162,4683
164 ,288797,4653
165 ,292798,4686
166 ,292429,4691
167 ,293974,4671
168 ,295759,4631
169 ,307874,4649
170 ,303180,4778
171 ,304944,4707
172 ,306604,4686
173 ,308440,6171
174 ,310066,4801
175 ,311853,4773
176 ,313619,4660
177 ,315357,4648
178 ,319074,4689
179 ,318790,4766
180 ,320531,4768
181 ,322359,4760
182 ,323948,4749
183 ,325612,4760
184 ,327481,4785
185 ,329131,4873
186 ,330851,4849
187 ,332628,4880
188 ,334271,5041
189 ,336578,6575
190 ,341147,5057
191 ,340978,5008
192 ,341891,4959
193 ,343419,4900
194 ,345904,5004
195 ,347807,4896
196 ,348963,4862
197 ,350707,4862
198 ,352055,4887
199 ,353595,4877
200 ,355317,4888
201 ,360084,4882
202 ,359035,4866
203 ,360453,4947
204 ,362289,4886
205 ,363995,6311
206 ,365877,4979
207 ,367511,4944
208 ,369173,4946
209 ,371142,5002
210 ,373197,4929
211 ,375403,4921
212 ,379173,4893
213 ,378074,4992
214 ,379729,4990
215 ,381586,4994
216 ,382983,4865
217 ,384819,4988
218 ,386606,4972
219 ,388212,5000
220 ,390080,4916
221 ,391771,6457
222 ,395767,5138
223 ,395523,5081
224 ,397340,4951
225 ,399538,4949
226 ,400571,4962
227 ,402204,5030
228 ,403857,5012
229 ,405697,5079
230 ,407299,5065
231 ,409118,5006
232 ,413661,5029
233 ,412522,5101
234 ,414368,5026
235 ,415907,5079
236 ,417646,5017
237 ,419492,6551
238 ,421177,5125
239 ,422914,5108
240 ,424672,5062
241 ,428533,5096
242 ,428223,5073
243 ,430199,5070
244 ,431746,5033
245 ,433339,5073
246 ,435280,5147
247 ,436878,5109
248 ,438605,5583
249 ,440266,5185
250 ,444258,5110
251 ,443912,5150
252 ,445621,5140
253 ,447288,6664
254 ,448977,5204
255 ,450808,5197
256 ,452465,5302
257 ,454204,5345
258 ,455945,5307
259 ,459650,5274
260 ,459425,5247
261 ,461213,5343
262 ,462939,5378
263 ,464698,5315
264 ,466307,5305
265 ,468312,5370
266 ,470058,5351
267 ,474688,5334
268 ,474143,5319
269 ,475782,6846
270 ,477248,5487
271 ,478880,5391
272 ,480434,5307
273 ,482193,5312
274 ,484033,5287
275 ,485636,5445
276 ,489642,5387
277 ,489010,5432
278 ,490780,5474
279 ,492572,5547
280 ,494278,5678
281 ,496043,5631
282 ,497701,5617
283 ,499528,5644
284 ,503216,5613
285 ,503162,7133
286 ,505379,5642
287 ,507191,5612
288 ,508435,5559
289 ,510072,5562
290 ,511634,5550
291 ,515691,5576
292 ,515336,5579
293 ,516861,5575
294 ,518697,5600
295 ,520295,5625
296 ,522129,5615
297 ,523843,5610
298 ,525520,5674
299 ,529862,5678
300 ,529109,5650
301 ,530679,7058
302 ,532632,5678
303 ,534234,5685
304 ,535937,5667
305 ,537684,5703
306 ,541781,5669
307 ,541314,5612
308 ,542898,5708
309 ,544759,5673
310 ,546408,5682
311 ,548139,5673
312 ,549920,5654
313 ,553819,5708
314 ,553407,5675
315 ,555135,5664
316 ,556798,5636
317 ,558520,7032
318 ,560340,5795
319 ,562098,5738
320 ,563872,5629
321 ,567463,5681
322 ,567348,5652
323 ,569107,5752
324 ,570754,5727
325 ,572609,5676
326 ,574330,5665
327 ,580577,5709
328 ,578251,5702
329 ,579559,5725
330 ,581200,5700
331 ,583059,5738
332 ,584804,5781
333 ,586419,7196
334 ,590608,5791
335 ,590001,5809
336 ,591538,5751
337 ,593361,5778
338 ,595061,5769
339 ,596811,5761
340 ,611926,5762
341 ,611120,5761
342 ,610339,5834
343 ,612167,5809
344 ,613486,5770
345 ,615900,5820
346 ,618389,5835
347 ,621002,5825
348 ,620474,5846
349 ,621922,7153
350 ,623766,5844
351 ,625518,5871
352 ,627270,5815
353 ,628715,5892
354 ,632942,5801
355 ,632405,5836
356 ,634148,5818
357 ,635880,5867
358 ,637531,5828
359 ,639251,5845
360 ,643240,5845
361 ,642877,5851
362 ,644540,5881
363 ,646242,8078
364 ,648085,5892
365 ,649756,7311
366 ,653787,5978
367 ,653328,5969
368 ,654891,5950
369 ,656695,5958
370 ,658402,6167
371 ,660102,6456
372 ,663927,6297
373 ,663646,6185
374 ,665456,6481
375 ,667274,6395
376 ,669195,6490
377 ,671442,6276
378 ,675172,6360
379 ,674107,6291
380 ,675951,6388
381 ,677715,7772
382 ,679186,6322
383 ,680948,6284
384 ,684663,6264
385 ,684475,6286
386 ,686156,6329
387 ,687912,6339
388 ,689728,6283
389 ,693643,6202
390 ,693250,6289
391 ,694843,6290
392 ,696642,6283
393 ,698281,6241
394 ,700185,6296
395 ,704363,6319
396 ,704525,6348
397 ,705519,7828
398 ,706960,6405
399 ,708764,6265
400 ,710479,6367
401 ,714499,6334
402 ,714063,6375
403 ,715641,6311
404 ,717321,6368
405 ,719177,6407
406 ,723066,6337
407 ,722730,6383
408 ,724496,6323
409 ,726095,6356
410 ,727943,6403
411 ,729570,6373
412 ,733481,6363
413 ,732988,8034
414 ,734742,6484
415 ,736608,6484
416 ,738256,6372
417 ,742048,6509
418 ,741861,6424
419 ,743775,6383
420 ,746167,6388
421 ,748100,6370
422 ,752731,6375
423 ,750422,6441
424 ,752149,6371
425 ,753996,6425
426 ,755618,6444
427 ,757351,6397
428 ,761098,6466
429 ,761046,7903
430 ,762602,6572
431 ,764370,6441
432 ,765955,6429
433 ,769884,6434
434 ,769703,6454
435 ,771337,6378
436 ,772976,6408
437 ,774658,6409
438 ,778456,6506
439 ,778423,6444
440 ,780661,6474
441 ,782726,6367
442 ,783643,6492
443 ,787659,6484
444 ,786960,6508
445 ,788586,8029
446 ,790384,6506
447 ,792059,6545
448 ,800627,6447
449 ,795967,6442
450 ,797300,6453
451 ,799096,6456
452 ,800784,6612
453 ,805804,6512
454 ,804449,6482
455 ,806008,6432
456 ,807688,6450
457 ,809534,6465
458 ,815816,6679
459 ,813743,6590
460 ,815748,6532
461 ,818269,8041
462 ,818583,6736
463 ,822915,6824
464 ,821811,6680
465 ,823599,6677
466 ,825308,6790
467 ,829148,6662
468 ,828786,6716
469 ,830289,6726
470 ,832108,6808
471 ,833708,6743
472 ,838187,6710
473 ,837380,6700
474 ,838973,6790
475 ,840674,6745
476 ,842594,6751
477 ,846389,8211
478 ,845984,6824
479 ,847731,6721
480 ,849506,6701
481 ,851306,6729
482 ,854862,6729
483 ,854716,6759
484 ,856439,6805
485 ,858306,6785
486 ,862186,6816
487 ,861814,7210
488 ,863567,6814
489 ,865009,6712
490 ,866886,6803
491 ,870887,6838
492 ,870340,6817
493 ,872176,8503
494 ,873792,6786
495 ,877882,6839
496 ,878319,6792
497 ,879804,6797
498 ,881307,6804
499 ,883699,6794
500 ,887324,6828
501 ,886025,6912
502 ,887802,6866
503 ,889419,6825
504 ,893859,6857
505 ,893118,6845
506 ,894447,6883
507 ,896375,6838
508 ,898069,6873
509 ,902091,8314
510 ,901440,6915
511 ,903231,6915
512 ,905123,7010
513 ,908940,7004
514 ,908798,6994
515 ,910293,6983
516 ,912021,7003
517 ,915854,7048
518 ,915573,6951
519 ,917219,7087
520 ,919067,6992
521 ,920854,7002
522 ,924449,7073
523 ,924215,7005
524 ,925859,7064
525 ,927665,8537
526 ,931470,7092
527 ,931057,7067
528 ,932853,7018
529 ,934650,7070
530 ,939081,7013
531 ,938668,7021
532 ,940100,7021
533 ,941569,7093
534 ,945492,7064
535 ,945947,7093
536 ,947851,6966
537 ,948667,7090
538 ,950237,7100
539 ,954203,7066
540 ,953894,7135
541 ,955502,8503
542 ,957306,7199
543 ,961279,7208
544 ,960628,7112
545 ,962281,7088
546 ,963961,7129
547 ,967781,7077
548 ,967518,7164
549 ,969049,7187
550 ,970925,7186
551 ,975373,7253
552 ,974560,7235
553 ,976217,7253
554 ,977967,7426
555 ,981800,7633
556 ,981428,7521
557 ,983066,8906
558 ,984787,7730
559 ,988833,7518
560 ,988612,7776
561 ,990343,7528
562 ,992245,7673
563 ,997201,7582
564 ,995737,7681
565 ,997201,7590
566 ,998747,7889
567 ,1002985,7690
568 ,1002641,7648
569 ,1004523,7575
570 ,1006060,7658
571 ,1009878,7486
572 ,1009195,7482
573 ,1010990,9138
574 ,1012773,7626
575 ,1019450,7593
576 ,1016148,7632
577 ,1017927,7559
578 ,1019676,7612
579 ,1023664,7685
580 ,1023079,7512
581 ,1024937,7623
582 ,1026596,7640
583 ,1030888,7660
584 ,1030123,7576
585 ,1031910,7659
586 ,1033553,7699
587 ,1037434,7704
588 ,1037104,7665
589 ,1038837,9149
590 ,1042731,7647
591 ,1042807,7679
592 ,1044462,7650
593 ,1046327,7601
594 ,1050977,7624
595 ,1049441,7657
596 ,1050882,7629
597 ,1052599,7681
598 ,1056860,7701
599 ,1056133,7719
600 ,1057891,7701
601 ,1060190,7719
602 ,1064660,7700
603 ,1063184,7677
604 ,1064797,7676
605 ,1068831,9395
606 ,1068554,7714
607 ,1069977,7702
608 ,1071689,7666
609 ,1075496,7668
610 ,1075307,7737
611 ,1076906,7748
612 ,1078624,7695
613 ,1083143,7707
614 ,1082358,7756
615 ,1083734,7848
616 ,1087665,7734
617 ,1087625,7733
618 ,1089027,7754
619 ,1090958,7815
620 ,1095130,7770
621 ,1094284,9165
622 ,1096602,7843
623 ,1098306,7850
624 ,1101955,7839
625 ,1101310,7885
626 ,1103048,7844
627 ,1106956,7876
628 ,1106534,7787
629 ,1108262,7867
630 ,1109983,7823
631 ,1113992,7840
632 ,1114246,7771
633 ,1115809,7781
634 ,1119029,7843
635 ,1118776,7899
636 ,1120241,7873
637 ,1121985,9251
638 ,1125792,7911
639 ,1125585,7933
640 ,1127246,7900
641 ,1129044,7904
642 ,1132933,7953
643 ,1132380,8088
644 ,1134272,7986
645 ,1138314,7982
646 ,1137649,8031
647 ,1139563,8200
648 ,1141470,8097
649 ,1146565,8169
650 ,1144838,8236
651 ,1146428,8106
652 ,1150895,8179
653 ,1149950,9763
654 ,1151661,8213
655 ,1156054,8159
656 ,1155181,8089
657 ,1156738,8033
658 ,1158377,8157
659 ,1162404,8201
660 ,1162292,8195
661 ,1164314,8126
662 ,1167808,8245
663 ,1167562,8112
664 ,1169007,8263
665 ,1170743,8182
666 ,1174528,8127
667 ,1174127,8180
668 ,1175966,8182
669 ,1179967,9731
670 ,1179274,8267
671 ,1181044,8202
672 ,1185143,8118
673 ,1184836,8147
674 ,1186281,8153
675 ,1188411,8302
676 ,1194340,8120
677 ,1191677,8194
678 ,1193319,8196
679 ,1197504,8300
680 ,1196796,8205
681 ,1235585,8173
682 ,1219319,8261
683 ,1217587,8343
684 ,1219291,8214
685 ,1220886,9653
686 ,1224549,8303
687 ,1224330,8303
688 ,1226284,8213
689 ,1232063,8259
690 ,1230140,8342
691 ,1231409,8364
692 ,1235450,8238
693 ,1234949,8239
694 ,1236492,8297
695 ,1240422,8242
696 ,1239888,8246
697 ,1241840,8259
698 ,1245568,8291
699 ,1245817,8297
700 ,1247602,8248
701 ,1251192,10195
702 ,1257744,8358
703 ,1254042,8361
704 ,1254089,8177
705 ,1257805,8309
706 ,1257273,8249
707 ,1259191,8292
708 ,1263006,8270
709 ,1262584,8255
710 ,1264360,8319
711 ,1268100,8322
712 ,1267663,8389
713 ,1269455,8279
714 ,1273817,8289
715 ,1273112,8739
716 ,1274656,8348
717 ,1278589,9904
718 ,1278146,8331
719 ,1279960,8376
720 ,1283913,8296
721 ,1283436,8439
722 ,1284959,8354
723 ,1286909,8349
724 ,1290819,8246
725 ,1291159,8369
726 ,1293240,8414
727 ,1297204,8400
728 ,1298210,8291
729 ,1298429,8426
730 ,1302628,8424
731 ,1300991,8420
732 ,1302405,8414
733 ,1306689,10008
734 ,1305981,8560
735 ,1307718,8562
736 ,1311499,8539
737 ,1311138,8613
738 ,1313066,8716
739 ,1316830,8736
740 ,1316357,8896
741 ,1318100,8780
742 ,1321929,9132
743 ,1321563,8810
744 ,1323368,9024
745 ,1327396,8894
746 ,1326808,8903
747 ,1328678,8866
748 ,1332510,8941
749 ,1333475,10400
750 ,1334536,8962
751 ,1338357,8982
752 ,1337350,9022
753 ,1340364,8983
754 ,1344650,8954
755 ,1343070,9011
756 ,1344433,9014
757 ,1348246,8948
758 ,1347644,8990
759 ,1349328,8955
760 ,1353415,8965
761 ,1353007,9011
762 ,1354565,8936
763 ,1360355,9004
764 ,1358254,9037
765 ,1359913,10598
766 ,1363629,9115
767 ,1363813,9053
768 ,1367859,9056
769 ,1366942,8912
770 ,1368789,9021
771 ,1372422,8885
772 ,1372653,8939
773 ,1375218,8988
774 ,1379508,8983
775 ,1378035,8987
776 ,1379437,9032
777 ,1383846,9074
778 ,1383689,9056
779 ,1384568,8997
780 ,1388392,8995
781 ,1387709,10414
782 ,1389283,9087
783 ,1393406,9038
784 ,1392897,9025
785 ,1394523,8956
786 ,1398775,9072
787 ,1398083,9005
788 ,1399961,9161
789 ,1403568,9025
790 ,1403276,9052
791 ,1407504,9060
792 ,1406876,9039
793 ,1408444,9119
794 ,1412800,9088
795 ,1412667,9060
796 ,1415785,9053
797 ,1418531,10586
798 ,1417446,9174
799 ,1419287,9108
800 ,1423274,9091
801 ,1423764,9111
802 ,1425006,8997
803 ,1428449,9080
804 ,1427785,9047
805 ,1431654,9165
806 ,1431944,9125
807 ,1433083,9302
808 ,1436741,9057
809 ,1436234,9447
810 ,1438167,9075
811 ,1441975,9177
812 ,1441734,9110
813 ,1443155,10570
814 ,1447102,9103
815 ,1446902,9172
816 ,1450726,9155
817 ,1450917,9203
818 ,1453512,9148
819 ,1457054,9130
820 ,1455272,9100
821 ,1457142,9288
822 ,1461021,9313
823 ,1460990,9420
824 ,1463477,9251
825 ,1466712,9231
826 ,1466017,9333
827 ,1470020,9388
828 ,1469385,9442
829 ,1471226,10984
830 ,1475500,9542
831 ,1474567,9482
832 ,1476290,9557
833 ,1480154,9631
834 ,1479957,9690
835 ,1483992,9498
836 ,1483332,9446
837 ,1485133,9507
838 ,1489351,9417
839 ,1489299,9527
840 ,1491177,9481
841 ,1497232,9486
842 ,1493611,9506
843 ,1497425,9562
844 ,1497317,9460
845 ,1498754,10963
846 ,1503282,9526
847 ,1503602,9541
848 ,1504208,9539
849 ,1508097,9517
850 ,1507578,9514
851 ,1511233,9550
852 ,1511023,9532
853 ,1512620,9522
854 ,1516879,9632
855 ,1516196,9516
856 ,1518513,9552
857 ,1521930,9600
858 ,1521788,9725
859 ,1526513,9585
860 ,1526635,9611
861 ,1526726,11117
862 ,1530890,9527
863 ,1530282,9633
864 ,1533968,9521
865 ,1533510,9765
866 ,1535308,9486
867 ,1539353,9603
868 ,1539127,9605
869 ,1542248,9623
870 ,1544421,9565
871 ,1544095,9666
872 ,1548008,9746
873 ,1547828,9650
874 ,1549203,9659
875 ,1552910,9719
876 ,1552916,9641
877 ,1556643,11518
878 ,1556379,9767
879 ,1558426,9732
880 ,1563948,9653
881 ,1562000,9770
882 ,1565725,9636
883 ,1565006,9633
884 ,1566428,9629
885 ,1570433,9698
886 ,1569850,12578
887 ,1574071,9713
888 ,1573633,9657
889 ,1575649,9721
890 ,1579777,9631
891 ,1578714,9708
892 ,1582845,9707
893 ,1582605,11323
894 ,1583904,9752
895 ,1587896,9733
896 ,1587365,9714
897 ,1589108,9623
898 ,1593429,9666
899 ,1594791,9629
900 ,1600677,9705
901 ,1598782,9675
902 ,1600120,9739
903 ,1599691,9748
904 ,1601248,9640
905 ,1605115,9672
906 ,1604737,9621
907 ,1608769,9772
908 ,1608553,9626
909 ,1610144,11213
910 ,1614030,9767
911 ,1613388,9755
912 ,1618839,9700
913 ,1617058,9749
914 ,1618579,9749
915 ,1622726,9891
916 ,1621996,9901
917 ,1626339,9956
918 ,1627404,9937
919 ,1628750,9945
920 ,1632953,9948
921 ,1632332,9985
922 ,1635655,10217
923 ,1634494,10117
924 ,1636097,10178
925 ,1640118,11657
926 ,1639559,10353
927 ,1643446,10234
928 ,1642822,10204
929 ,1646777,10156
930 ,1646468,10234
931 ,1648320,10204
932 ,1652149,10172
933 ,1651730,10161
934 ,1655708,10165
935 ,1655201,10233
936 ,1657000,10218
937 ,1662464,10106
938 ,1661709,10125
939 ,1664319,10105
940 ,1664366,10232
941 ,1670064,11626
942 ,1669711,10267
943 ,1670128,10609
944 ,1673782,10204
945 ,1672512,10249
946 ,1676196,10156
947 ,1676070,10168
948 ,1677760,10120
949 ,1681639,10158
950 ,1681179,10247
951 ,1685391,10248
952 ,1684541,10257
953 ,1688972,10233
954 ,1688419,10328
955 ,1691601,10254
956 ,1698865,10227
957 ,1693982,11840
958 ,1697434,10285
959 ,1697152,10325
960 ,1704897,10191
961 ,1701544,10387
962 ,1702321,10251
963 ,1705975,10288
964 ,1705390,10259
965 ,1709613,10302
966 ,1708803,10300
967 ,1713101,10305
968 ,1712316,10312
969 ,1714188,10270
970 ,1717941,10322
971 ,1717569,10262
972 ,1721875,10307
973 ,1722225,11700
974 ,1728255,10304
975 ,1725182,10355
976 ,1727579,10268
977 ,1730237,10321
978 ,1729827,10352
979 ,1735124,10380
980 ,1735023,10300
981 ,1738510,10285
982 ,1736739,10273
983 ,1740505,10284
984 ,1740370,10337
985 ,1742013,10330
986 ,1745819,10377
987 ,1745619,10343
988 ,1749299,10333
989 ,1748987,12157
990 ,1752878,10407
991 ,1753525,10455
992 ,1755977,10330
993 ,1758595,10407
994 ,1757629,10298
995 ,1761583,10395
996 ,1761103,10314
997 ,1765163,10411
998 ,1764672,10384
999 ,1770119,10397
1000 ,1768259,10351
1001 ,1769851,10381
1002 ,1773707,10476
1003 ,1773185,10470
1004 ,1777182,10458
1005 ,1776762,11893
1006 ,1780575,10501
1007 ,1780375,10592
1008 ,1784766,10574
1009 ,1785057,10642
1010 ,1786154,10507
1011 ,1789624,10670
1012 ,1789085,10742
1013 ,1792781,10654
1014 ,1792429,10710
1015 ,1796356,10719
1016 ,1795886,10749
1017 ,1800641,11051
1018 ,1800035,10859
1019 ,1803430,10917
1020 ,1802779,10875
1021 ,1804521,12475
1022 ,1808341,10969
1023 ,1808116,10904
1024 ,1811738,11009
1025 ,1811531,10968
1026 ,1816274,11068
1027 ,1815673,10982
1028 ,1819699,10959
1029 ,1818819,10930
1030 ,1822797,10952
1031 ,1821841,11003
1032 ,1823755,11027
1033 ,1827377,11008
1034 ,1826965,11078
1035 ,1831555,11073
1036 ,1833884,11017
1037 ,1836154,12599
1038 ,1834295,11112
1039 ,1838352,11090
1040 ,1837649,11022
1041 ,1842702,11062
1042 ,1841074,11094
1043 ,1851937,10988
1044 ,1848746,10993
1045 ,1848878,11115
1046 ,1850934,11031
1047 ,1849949,11104
1048 ,1854146,11074
1049 ,1853021,11048
1050 ,1857438,11027
1051 ,1856562,11046
1052 ,1860642,11142
1053 ,1860121,12466
1054 ,1863958,11066
1055 ,1863648,11188
1056 ,1867468,11126
1057 ,1866959,11118
1058 ,1871877,11023
1059 ,1870653,11116
1060 ,1872977,11190
1061 ,1877519,11169
1062 ,1876808,11101
1063 ,1881479,11102
1064 ,1879253,11125
1065 ,1883194,11203
1066 ,1882776,11080
1067 ,1886512,11155
1068 ,1886351,11123
1069 ,1890189,12673
1070 ,1889527,11198
1071 ,1893799,11207
1072 ,1893214,11177
1073 ,1896838,11144
1074 ,1896475,11204
1075 ,1900608,11151
1076 ,1900432,11209
1077 ,1905320,11288
1078 ,1904066,11250
1079 ,1905549,11274
1080 ,1908549,11214
1081 ,1909085,11237
1082 ,1912965,11209
1083 ,1912187,11210
1084 ,1915863,11248
1085 ,1915642,12761
1086 ,1919775,11249
1087 ,1919121,11326
1088 ,1923200,11229
1089 ,1922529,11218
1090 ,1926559,11196
1091 ,1926260,11273
1092 ,1930738,11287
1093 ,1930543,11245
1094 ,1934248,11192
1095 ,1933670,11246
1096 ,1937740,11413
1097 ,1936892,11451
1098 ,1941964,11460
1099 ,1940616,11444
1100 ,1943629,11486
1101 ,1943240,13093
1102 ,1947156,11510
1103 ,1947211,11612
1104 ,1950907,11569
1105 ,1950254,11710
1106 ,1956110,11514
1107 ,1953948,11631
1108 ,1958419,11886
1109 ,1958394,11845
1110 ,1962086,11888
1111 ,1960925,11862
1112 ,1964649,11858
1113 ,1964406,11788
1114 ,1969111,11842
1115 ,1968762,11732
1116 ,1972328,11831
1117 ,1971318,13292
1118 ,1974889,11755
1119 ,1974784,11799
1120 ,1979266,11832
1121 ,1978571,11767
1122 ,1979537,11802
1123 ,1981769,11725
1124 ,1984172,11825
1125 ,1989531,11759
1126 ,1987523,11680
1127 ,1991143,11771
1128 ,1990236,11871
1129 ,1994109,11877
1130 ,1994430,11814
1131 ,1998490,11792
1132 ,1997408,11846
1133 ,1999049,13320
1134 ,2002730,11887
1135 ,2002303,11844
1136 ,2006265,11825
1137 ,2005800,11825
1138 ,2009883,11824
1139 ,2009613,11807
1140 ,2014444,11788
1141 ,2014647,11879
1142 ,2016598,11845
1143 ,2016449,11838
1144 ,2020705,11900
1145 ,2019861,11875
1146 ,2023788,11822
1147 ,2025682,11844
1148 ,2031137,11834
1149 ,2026934,13345
1150 ,2031095,11882
1151 ,2030159,11877
1152 ,2034471,11739
1153 ,2033751,11833
1154 ,2037955,11836
1155 ,2037603,11806
1156 ,2042897,11829
1157 ,2040956,11871
1158 ,2044631,11898
1159 ,2044083,11882
1160 ,2059148,11895
1161 ,2047606,11857
1162 ,2051771,12145
1163 ,2051428,11882
1164 ,2057191,11921
1165 ,2054694,13325
1166 ,2058527,11909
1167 ,2058041,11915
1168 ,2061898,11776
1169 ,2061553,11821
1170 ,2066009,11980
1171 ,2067051,11906
1172 ,2071780,11877
1173 ,2068730,11851
1174 ,2072424,11970
1175 ,2073087,11940
1176 ,2075843,11887
1177 ,2077788,11915
1178 ,2077130,11922
1179 ,2081101,11957
1180 ,2080608,11939
1181 ,2084382,13535
1182 ,2083931,11949
1183 ,2088247,11944
1184 ,2087573,11949
1185 ,2091597,12005
1186 ,2092254,11960
1187 ,2096811,12010
1188 ,2096105,12002
1189 ,2098652,12135
1190 ,2097875,12110
1191 ,2102311,12212
1192 ,2101417,12205
1193 ,2105345,12213
1194 ,2105028,12241
1195 ,2108732,12354
1196 ,2110595,12275
1197 ,2110295,13782
1198 ,2114440,12411
1199 ,2113695,12340
1200 ,2118252,12317
1201 ,2119964,12683
1202 ,2123129,12521
1203 ,2121411,12561
1204 ,2127542,12419
1205 ,2124338,12426
1206 ,2128122,12447
1207 ,2127244,12293
1208 ,2131302,12385
1209 ,2131157,12371
1210 ,2134959,12360
1211 ,2137599,12432
1212 ,2136069,12424
1213 ,2140418,13987
1214 ,2139786,12534
1215 ,2144762,12457
1216 ,2146248,12271
1217 ,2147810,12495
1218 ,2146889,12460
1219 ,2151509,12334
1220 ,2150555,12477
1221 ,2154204,12358
1222 ,2153530,12463
1223 ,2157192,12505
1224 ,2159701,12418
1225 ,2159616,12391
1226 ,2162546,12461
1227 ,2162292,12473
1228 ,2166343,12544
1229 ,2165736,13839
1230 ,2171172,12478
1231 ,2171832,12492
1232 ,2173556,12431
1233 ,2172694,12459
1234 ,2177050,12471
1235 ,2179459,12465
1236 ,2178079,12543
1237 ,2182036,12432
1238 ,2181368,12482
1239 ,2185269,12520
1240 ,2184680,12411
1241 ,2188751,12487
1242 ,2188366,12490
1243 ,2192331,12473
1244 ,2192683,12528
1245 ,2198357,14003
1246 ,2197477,12565
1247 ,2197093,12584
1248 ,2201789,12485
1249 ,2201021,12423
1250 ,2206801,12577
1251 ,2203762,12482
1252 ,2207633,12595
1253 ,2208022,12535
1254 ,2211636,12519
1255 ,2212704,12560
1256 ,2212376,12534
1257 ,2216553,12441
1258 ,2216512,12568
1259 ,2221952,12512
1260 ,2220054,12554
1261 ,2224902,14148
1262 ,2223091,12680
1263 ,2227056,12595
1264 ,2229193,12485
1265 ,2228747,12521
1266 ,2232180,12574
1267 ,2231555,12567
1268 ,2235817,12539
1269 ,2235122,12565
1270 ,2238872,12630
1271 ,2238501,12613
1272 ,2241643,12598
1273 ,2246166,12592
1274 ,2243933,12626
1275 ,2248093,12636
1276 ,2247121,12675
1277 ,2250893,14120
1278 ,2250916,12861
1279 ,2255295,12795
1280 ,2256599,12781
1281 ,2256191,12727
1282 ,2260060,12794
1283 ,2259748,12748
1284 ,2263518,12777
1285 ,2263710,12837
1286 ,2269466,12936
1287 ,2270580,12890
1288 ,2268532,12948
1289 ,2272552,12950
1290 ,2271740,13008
1291 ,2275473,12914
1292 ,2274880,13265
1293 ,2279548,14791
1294 ,2280849,13492
1295 ,2280269,13368
1296 ,2284797,13302
1297 ,2284091,13159
1298 ,2287762,13370
1299 ,2288364,13310
1300 ,2293538,13363
1301 ,2294694,13262
1302 ,2292721,13238
1303 ,2297300,15206
1304 ,2295698,13444
1305 ,2299702,13317
1306 ,2299161,13327
1307 ,2303287,13323
1308 ,2305200,13324
1309 ,2304642,14927
1310 ,2308704,13380
1311 ,2307897,13350
1312 ,2312404,13239
1313 ,2315352,13307
1314 ,2314658,13241
1315 ,2317868,13335
1316 ,2317585,13333
1317 ,2321190,13249
1318 ,2320496,13359
1319 ,2327232,13441
1320 ,2325917,13353
1321 ,2325558,13368
1322 ,2329557,13332
1323 ,2328893,13389
1324 ,2333130,13415
1325 ,2334912,14852
1326 ,2335106,13449
1327 ,2341599,13389
1328 ,2338183,13430
1329 ,2342197,13415
1330 ,2343495,13294
1331 ,2345108,13438
1332 ,2346438,13403
1333 ,2346317,13436
1334 ,2350368,13441
1335 ,2349515,13427
1336 ,2353518,13424
1337 ,2355515,13444
1338 ,2354678,13434
1339 ,2359348,13603
1340 ,2360334,13470
1341 ,2365686,15069
1342 ,2364426,13568
1343 ,2363941,13561
1344 ,2369979,13404
1345 ,2367414,13428
1346 ,2371112,13356
1347 ,2373197,13488
1348 ,2372467,13417
1349 ,2376132,13524
1350 ,2375744,13435
1351 ,2380070,13479
1352 ,2379573,13467
1353 ,2385727,13517
1354 ,2386042,13489
1355 ,2384534,13540
1356 ,2388514,13498
1357 ,2388300,14965
1358 ,2392689,13579
1359 ,2393929,13512
1360 ,2393160,13387
1361 ,2397518,13464
1362 ,2396434,13440
1363 ,2400545,13431
1364 ,2454094,13535
1365 ,2436345,13527
1366 ,2445629,13576
1367 ,2444538,13690
1368 ,2439939,13633
1369 ,2442168,13496
1370 ,2441752,13635
1371 ,2445986,13627
1372 ,2452268,13779
1373 ,2449022,15312
1374 ,2452519,13982
1375 ,2450405,13815
1376 ,2454024,13798
1377 ,2456202,14140
1378 ,2458012,13940
1379 ,2467851,13855
1380 ,2464771,13948
1381 ,2461965,13954
1382 ,2464421,14010
1383 ,2464622,14032
1384 ,2470562,14051
1385 ,2472002,14116
1386 ,2474941,14080
1387 ,2475209,14400
1388 ,2476684,14154
1389 ,2474883,15977
1390 ,2479528,14230
1391 ,2483981,14182
1392 ,2496164,14072
1393 ,2490188,14104
1394 ,2486566,14098
1395 ,2487605,14122
1396 ,2487016,14167
1397 ,2490726,14154
1398 ,2492826,14179
1399 ,2491632,14128
1400 ,2496260,14153
1401 ,2497907,14179
1402 ,2497502,14070
1403 ,2504756,14244
1404 ,2511522,14293
1405 ,2509472,16205
1406 ,2519016,14214
1407 ,2510606,14204
1408 ,2510823,14203
1409 ,2511809,14106
1410 ,2511146,14123
1411 ,2516090,14136
1412 ,2516427,14197
1413 ,2516364,14117
1414 ,2520402,14246
1415 ,2520746,14223
1416 ,2527413,14251
1417 ,2534308,14170
1418 ,2530795,14144
1419 ,2540005,14175
1420 ,2534282,14244
1421 ,2531601,15858
1422 ,2534310,14237
1423 ,2536218,14321
1424 ,2535826,14157
1425 ,2539826,14212
1426 ,2539839,14154
1427 ,2542929,14286
1428 ,2546823,14265
1429 ,2551515,14348
1430 ,2552139,14340
1431 ,2550692,14402
1432 ,2553218,14239
1433 ,2556990,14346
1434 ,2556972,14259
1435 ,2554743,14251
1436 ,2558577,14315
1437 ,2558067,15871
1438 ,2561426,14331
1439 ,2564170,14384
1440 ,2564650,14301
1441 ,2574699,14275
1442 ,2569969,14324
1443 ,2569152,14373
1444 ,2573360,14347
1445 ,2579254,14416
1446 ,2577017,14349
1447 ,2581379,14481
1448 ,2581153,14279
1449 ,2579576,14395
1450 ,2583453,14285
1451 ,2585274,14286
1452 ,2587982,14456
1453 ,2597308,16216
1454 ,2589936,14342
1455 ,2593286,14325
1456 ,2594183,14302
1457 ,2594273,14404
1458 ,2600628,14308
1459 ,2599592,14414
1460 ,2598416,14487
1461 ,2601910,14415
1462 ,2609544,14573
1463 ,2604561,14570
1464 ,2609782,14587
1465 ,2616272,14600
1466 ,2612008,14632
1467 ,2612566,14706
1468 ,2614051,14627
1469 ,2614052,16178
1470 ,2620020,14749
1471 ,2622115,14756
1472 ,2621287,14633
1473 ,2623833,14805
1474 ,2624639,14805
1475 ,2625339,14762
1476 ,2631538,15089
1477 ,2638080,15186
1478 ,2631771,15147
1479 ,2633614,14968
1480 ,2634628,15154
1481 ,2634237,15127
1482 ,2638974,15240
1483 ,2644750,15019
1484 ,2640828,17276
1485 ,2645437,16762
1486 ,2646826,15075
1487 ,2646942,15056
1488 ,2657761,15316
1489 ,2664123,15162
1490 ,2655853,14952
1491 ,2655754,15000
1492 ,2655956,14990
1493 ,2655310,14976
1494 ,2658782,15011
1495 ,2660941,15104
1496 ,2660587,15287
1497 ,2664061,15184
1498 ,2665954,15119
1499 ,2666471,15177
1500 ,2679735,15143
1501 ,2675383,16496
1502 ,2678250,15198
1503 ,2678662,15189
1504 ,2678760,15147
1505 ,2677177,15183
1506 ,2681955,15146
1507 ,2682694,15245
1508 ,2681336,15154
1509 ,2685587,15183
1510 ,2686957,15286
1511 ,2688138,15195
1512 ,2697432,15173
1513 ,2695246,15239
1514 ,2698444,15248
1515 ,2697487,15227
1516 ,2697862,15254
1517 ,2696767,16663
1518 ,2700920,15321
1519 ,2702768,15404
1520 ,2702111,15319
1521 ,2706194,15283
1522 ,2709937,15233
1523 ,2717592,15282
1524 ,2716808,15233
1525 ,2715210,15340
1526 ,2716853,15261
1527 ,2719831,15256
1528 ,2718631,15330
1529 ,2718077,15262
1530 ,2721257,15314
1531 ,2723663,15305
1532 ,2725053,15357
1533 ,2726036,16875
1534 ,2733812,15278
1535 ,2733598,15359
1536 ,2733086,15341
1537 ,2734109,15285
1538 ,2737475,15222
1539 ,2739940,15257
1540 ,2743012,15224
1541 ,2741396,15132
1542 ,2741308,15209
1543 ,2746558,15273
1544 ,2746331,15258
1545 ,2748437,15281
1546 ,2757446,15240
1547 ,2755277,15279
1548 ,2754019,15318
1549 ,2752110,16890
1550 ,2757192,15384
1551 ,2762344,15355
1552 ,2758397,15470
1553 ,2762257,15449
1554 ,2762835,15512
1555 ,2763280,15584
1556 ,2769420,15526
1557 ,2777075,15479
1558 ,2774985,15560
1559 ,2773255,15656
1560 ,2773374,15665
1561 ,2775348,15698
1562 ,2782227,15706
1563 ,2795900,15750
1564 ,2783775,15776
1565 ,2780675,17254
1566 ,2784315,15747
1567 ,2788455,15819
1568 ,2795769,15789
1569 ,2802714,15868
1570 ,2792111,15777
1571 ,2792932,15865
1572 ,2792414,15830
1573 ,2797108,15938
1574 ,2798097,15866
1575 ,2797449,15928
1576 ,2801391,15812
1577 ,2803274,15871
1578 ,2804375,15878
1579 ,2816681,15962
1580 ,2812685,15843
1581 ,2818201,17337
1582 ,2814163,15917
1583 ,2815949,15945
1584 ,2815463,15774
1585 ,2815599,15878
1586 ,2819039,15975
1587 ,2821410,15988
1588 ,2822272,15903
1589 ,2823190,15935
1590 ,2830845,15916
1591 ,2833097,16008
1592 ,2836292,15964
1593 ,2836815,16194
1594 ,2834165,15952
1595 ,2834845,15969
1596 ,2833839,15997
1597 ,2837961,17533
1598 ,2839735,16109
1599 ,2839111,16083
1600 ,2846716,15993
1601 ,2852875,15906
1602 ,2850518,15899
1603 ,2848176,16055
1604 ,2856531,16037
1605 ,2854193,15904
1606 ,2851934,15935
1607 ,2855648,16007
1608 ,2857000,15885
1609 ,2858695,15984
1610 ,2858820,15959
1611 ,2864895,16026
1612 ,2873560,16049
1613 ,2867418,17425
1614 ,2868884,15944
1615 ,2870518,16036
1616 ,2876770,16023
1617 ,2871778,15988
1618 ,2875100,15991
1619 ,2876829,16052
1620 ,2875643,15990
1621 ,2880258,16004
1622 ,2883310,15990
1623 ,2893271,16037
1624 ,2884647,16077
1625 ,2888757,16031
1626 ,2889051,16112
1627 ,2893764,16000
1628 ,2890726,16044
1629 ,2894240,17485
1630 ,2895337,16121
1631 ,2894994,16146
1632 ,2899538,16158
1633 ,2904096,16000
1634 ,2907158,16276
1635 ,2905993,16072
1636 ,2906144,16113
1637 ,2907962,16014
1638 ,2911860,15997
1639 ,2916665,16137
1640 ,2915097,16186
1641 ,2915054,16100
1642 ,2914367,16196
1643 ,2921163,16342
1644 ,2930391,16307
1645 ,2929429,18024
1646 ,2924267,16307
1647 ,2925523,16314
1648 ,2926866,16425
1649 ,2928920,16401
1650 ,2927894,16433
1651 ,2932126,16444
1652 ,2933651,18132
1653 ,2935322,16558
1654 ,2937948,16514
1655 ,2951097,16523
1656 ,2950868,16569
1657 ,2944279,16581
1658 ,2945133,16568
1659 ,2945839,16636
1660 ,2947744,16758
1661 ,2947021,18391
1662 ,2950806,16928
1663 ,2953278,16876
1664 ,2954757,16794
1665 ,2958321,16739
1666 ,2967939,16942
1667 ,2969392,16904
1668 ,2963562,16883
1669 ,2961361,16872
1670 ,2964667,16856
1671 ,2967121,16848
1672 ,2969718,21835
1673 ,2967441,18230
1674 ,2971725,17456
1675 ,2976654,17038
1676 ,2986211,16839
1677 ,2979521,19649
1678 ,2985094,16926
1679 ,2983876,16847
1680 ,2982447,16983
1681 ,2982439,16824
1682 ,2986940,16864
1683 ,2988347,16826
1684 ,2988605,16811
1685 ,2990521,16872
1686 ,2997529,16850
1687 ,2998405,16910
1688 ,2998558,16882
1689 ,3001858,16851
1690 ,3004418,16772
1691 ,3002984,16917
1692 ,3003425,16903
1693 ,3002702,18554
1694 ,3006543,16932
1695 ,3008600,16874
1696 ,3012091,16934
1697 ,3015566,16899
1698 ,3017888,16878
1699 ,3019414,16846
1700 ,3023007,16793
1701 ,3018370,16943
1702 ,3021442,16944
1703 ,3021780,17011
1704 ,3024124,16836
1705 ,3023561,16892
1706 ,3031032,16943
1707 ,3044046,16949
1708 ,3032980,16971
1709 ,3030480,18514
1710 ,3034610,16947
1711 ,3041166,16989
1712 ,3038609,22669
1713 ,3039086,18460
1714 ,3038600,17496
1715 ,3043001,17273
1716 ,3046720,17123
1717 ,3056550,17115
1718 ,3049433,16926
1719 ,3050222,16995
1720 ,3051609,17042
1721 ,3053922,17170
1722 ,3056745,17000
1723 ,3059481,17056
1724 ,3059554,17037
1725 ,3063175,19505
1726 ,3064858,17225
1727 ,3079891,17131
1728 ,3078318,17107
1729 ,3069400,16997
1730 ,3068998,17103
1731 ,3068643,17198
1732 ,3072652,17125
1733 ,3074189,17055
1734 ,3075774,17206
1735 ,3075524,17183
1736 ,3082430,17163
1737 ,3090369,17208
1738 ,3095084,17175
1739 ,3090078,17247
1740 ,3086109,17351
1741 ,3088205,18908
1742 ,3090484,17346
1743 ,3094958,17364
1744 ,3090853,17387
1745 ,3095424,17370
1746 ,3098172,21284
1747 ,3104380,17645
1748 ,3105208,17311
1749 ,3109529,17415
1750 ,3105590,17522
1751 ,3106210,17514
1752 ,3107083,17529
1753 ,3106771,17883
1754 ,3110362,17677
1755 ,3112098,17724
1756 ,3114115,17635
1757 ,3117865,19528
1758 ,3120228,17737
1759 ,3122298,17875
1760 ,3128544,17609
1761 ,3128390,17738
1762 ,3122987,17771
1763 ,3127223,17733
1764 ,3128296,17644
1765 ,3130092,17663
1766 ,3131726,17765
1767 ,3134048,17619
1768 ,3143650,17724
1769 ,3138822,17695
1770 ,3143994,17553
1771 ,3144385,17637
1772 ,3141059,17632
1773 ,3144126,19387
1774 ,3145726,17743
1775 ,3146826,17701
1776 ,3148235,17611
1777 ,3155633,17687
1778 ,3160070,17747
1779 ,3157140,17787
1780 ,3157041,17641
1781 ,3159232,17611
1782 ,3161259,17649
1783 ,3162287,17755
1784 ,3164699,17588
1785 ,3164497,17792
1786 ,3165207,17703
1787 ,3178345,17877
1788 ,3171966,17775
1789 ,3171809,19607
1790 ,3173472,17896
1791 ,3175970,17857
1792 ,3185900,17799
1793 ,3181241,17738
1794 ,3179882,17703
1795 ,3182571,17723
1796 ,3184250,17707
1797 ,3194325,17749
1798 ,3190173,17674
1799 ,3189626,17648
1800 ,3190964,17685
1801 ,3190592,17673
1802 ,3198907,17725
1803 ,3197280,17677
1804 ,3198671,17765
1805 ,3199510,19470
1806 ,3204087,17775
1807 ,3217611,17782
1808 ,3214894,18431
1809 ,3208440,17868
1810 ,3208289,17929
1811 ,3207941,17848
1812 ,3211285,17639
1813 ,3218257,17858
1814 ,3216174,17634
1815 ,3217529,17730
1816 ,3220433,17873
1817 ,3235188,17955
1818 ,3227525,17727
1819 ,3224937,17843
1820 ,3225956,17788
1821 ,3225846,19442
1822 ,3229109,17982
1823 ,3231590,17870
1824 ,3234907,17853
1825 ,3236508,17963
1826 ,3247853,18004
1827 ,3240654,17952
1828 ,3247389,18072
1829 ,3243849,18001
1830 ,3243741,18025
1831 ,3244317,18529
1832 ,3244478,18051
1833 ,3248238,18110
1834 ,3249370,18170
1835 ,3253695,18228
1836 ,3261070,18201
1837 ,3254700,19948
1838 ,3264531,18300
1839 ,3262005,18294
1840 ,3260478,18276
1841 ,3261675,18453
1842 ,3263426,18438
1843 ,3263374,18507
1844 ,3269202,18801
1845 ,3279542,18685
1846 ,3273781,18499
1847 ,3274174,18597
1848 ,3278932,19049
1849 ,3276594,18882
1850 ,3277698,18839
1851 ,3279408,18696
1852 ,3280667,18877
1853 ,3282349,20140
1854 ,3284111,18728
1855 ,3294073,18721
1856 ,3292053,18705
1857 ,3291568,18686
1858 ,3295497,18566
1859 ,3295143,18699
1860 ,3293289,18659
1861 ,3296162,18779
1862 ,3298446,18668
1863 ,3302362,18593
1864 ,3310245,18647
1865 ,3306654,18680
1866 ,3303243,18672
1867 ,3307503,18682
1868 ,3313294,18863
1869 ,3311990,20213
1870 ,3312554,18667
1871 ,3314249,18737
1872 ,3315838,18610
1873 ,3321703,18784
1874 ,3324750,18640
1875 ,3321925,18703
1876 ,3323631,18645
1877 ,3324895,18688
1878 ,3329061,18685
1879 ,3329697,18732
1880 ,3330038,18735
1881 ,3332690,18731
1882 ,3339047,18666
1883 ,3355660,18776
1884 ,3339631,18686
1885 ,3339580,20163
1886 ,3339849,18751
1887 ,3343435,18816
1888 ,3344157,18768
1889 ,3345088,18723
1890 ,3344782,18698
1891 ,3349817,18822
1892 ,3355933,18648
1893 ,3363423,18711
1894 ,3358024,18659
1895 ,3355531,18828
1896 ,3355036,18694
1897 ,3359189,22029
1898 ,3360772,18714
1899 ,3362426,18754
1900 ,3364441,18647
1901 ,3370332,20461
1902 ,3374673,18779
1903 ,3378241,18845
1904 ,3381024,18781
1905 ,3373538,18816
1906 ,3375319,18670
1907 ,3376456,18830
1908 ,3378290,18780
1909 ,3377310,18788
1910 ,3384035,18760
1911 ,3392901,18933
1912 ,3388830,18802
1913 ,3392373,18897
1914 ,3392334,18946
1915 ,3390489,19053
1916 ,3390184,18981
1917 ,3394261,20459
1918 ,3395785,18990
1919 ,3401483,19054
1920 ,3413077,18905
1921 ,3403032,19110
1922 ,3403530,19094
1923 ,3407011,19122
1924 ,3410557,19091
1925 ,3408671,19128
1926 ,3409445,19145
1927 ,3411156,19206
1928 ,3415162,19269
1929 ,3422981,19208
1930 ,3419004,19260
1931 ,3418128,19367
1932 ,3421230,19330
1933 ,3426089,20882
1934 ,3424718,19410
1935 ,3428560,19357
1936 ,3425080,19391
1937 ,3428550,19381
1938 ,3440484,19370
1939 ,3433902,19476
1940 ,3433703,19619
1941 ,3435757,19511
1942 ,3442014,19379
1943 ,3440501,19470
1944 ,3439415,19414
1945 ,3441723,19506
1946 ,3447472,19524
1947 ,3455325,19588
1948 ,3451094,19421
1949 ,3449443,20981
1950 ,3451501,19549
1951 ,3452962,19585
1952 ,3460491,19543
1953 ,3459658,19553
1954 ,3457522,19459
1955 ,3461400,19556
1956 ,3471162,19425
1957 ,3474645,19465
1958 ,3469823,19554
1959 ,3465768,19613
1960 ,3468991,19472
1961 ,3469637,19483
1962 ,3472074,19491
1963 ,3473591,19647
1964 ,3482442,19615
1965 ,3486096,21160
1966 ,3487795,19606
1967 ,3486228,19604
1968 ,3483535,19588
1969 ,3484233,19648
1970 ,3485847,19558
1971 ,3487556,19586
1972 ,3489217,19532
1973 ,3492849,19571
1974 ,3499267,19631
1975 ,3496802,19654
1976 ,3502244,19597
1977 ,3500363,19511
1978 ,3502439,19603
1979 ,3501326,19712
1980 ,3503428,19520
1981 ,3504253,21095
1982 ,3512423,19660
1983 ,3519884,19624
1984 ,3515621,19542
1985 ,3519269,19549
1986 ,3515149,19505
1987 ,3515917,19564
1988 ,3517396,19653
1989 ,3519248,19656
1990 ,3520822,19570
1991 ,3522463,19591
1992 ,3530816,19678
1993 ,3527955,19593
1994 ,3528439,19644
1995 ,3533134,19697
1996 ,3530926,19600
1997 ,3533939,21157
1998 ,3536140,19639
1999 ,3542530,19724
2000 ,3547993,19598
2001 ,3546576,19727
2002 ,3542394,19628
2003 ,3543957,19698
2004 ,3550688,19703
2005 ,3550143,19802
2006 ,3548516,19823
2007 ,3549910,19870
2008 ,3554030,19829
2009 ,3561804,19871
2010 ,3559517,19928
2011 ,3557321,19993
2012 ,3558913,20025
2013 ,3561158,21711
2014 ,3567163,19999
2015 ,3567328,20100
2016 ,3569367,20098
2017 ,3574799,20057
2018 ,3583320,20109
2019 ,3573085,20146
2020 ,3572323,20161
2021 ,3573814,20111
2022 ,3576029,20154
2023 ,3577991,20196
2024 ,3579660,20615
2025 ,3582196,20330
2026 ,3586168,20363
2027 ,3600280,20473
2028 ,3593946,20345
2029 ,3589405,22001
2030 ,3591988,20634
2031 ,3595641,20531
2032 ,3595114,20973
2033 ,3596067,20700
2034 ,3598405,20813
2035 ,3604975,20757
2036 ,3606054,20733
2037 ,3610540,20794
2038 ,3605133,20665
2039 ,3605996,22626
2040 ,3608951,20772
2041 ,3609210,20754
2042 ,3610797,20795
2043 ,3614053,20663
2044 ,3621640,20644
2045 ,3620239,22717
2046 ,3624811,20767
2047 ,3621008,20758
2048 ,3624365,20941
2049 ,3620943,20795
2050 ,3624545,20892
2051 ,3627786,20850
2052 ,3632655,20849
2053 ,3633782,20801
2054 ,3632934,20842
2055 ,3639112,20927
2056 ,3636337,20870
2057 ,3637485,20812
2058 ,3638896,20802
2059 ,3640830,20857
2060 ,3643722,20863
2061 ,3655826,22582
2062 ,3647140,20961
2063 ,3647911,20948
2064 ,3652817,20944
2065 ,3654722,20902
2066 ,3653080,20859
2067 ,3654124,20928
2068 ,3656206,20905
2069 ,3663673,20890
2070 ,3664541,20795
2071 ,3662471,20923
2072 ,3663867,20875
2073 ,3674672,20912
2074 ,3667448,20924
2075 ,3668477,21009
2076 ,3670032,20945
2077 ,3673694,22463
2078 ,3681101,20975
2079 ,3676785,20914
2080 ,3676901,20890
2081 ,3678990,20910
2082 ,3685901,20903
2083 ,3683202,20879
2084 ,3683879,20936
2085 ,3684405,20946
2086 ,3697897,20877
2087 ,3709153,21031
2088 ,3692088,21046
2089 ,3691984,20952
2090 ,3694211,20957
2091 ,3696440,21060
2092 ,3697481,21057
2093 ,3699529,22455
2094 ,3704730,21060
2095 ,3711649,21100
2096 ,3714469,21032
2097 ,3707607,21188
2098 ,3713294,21120
2099 ,3707588,21291
2100 ,3712470,21161
2101 ,3715261,21232
2102 ,3718775,21290
2103 ,3727520,21385
2104 ,3721547,21285
2105 ,3729537,21331
2106 ,3725414,21325
2107 ,3727196,21551
2108 ,3725653,21346
2109 ,3727167,22938
2110 ,3729876,21493
2111 ,3735178,21505
2112 ,3736899,21455
2113 ,3735551,21529
2114 ,3739631,21521
2115 ,3742554,21522
2116 ,3739329,21564
2117 ,3741135,21779
2118 ,3743622,21594
2119 ,3748955,21696
2120 ,3753253,21643
2121 ,3749018,21777
2122 ,3751527,21811
2123 ,3756212,22106
2124 ,3753429,21909
2125 ,3754991,23420
2126 ,3757211,21803
2127 ,3761304,21992
2128 ,3768306,21793
2129 ,3768913,21882
2130 ,3765175,21863
2131 ,3770349,21906
2132 ,3768955,21856
2133 ,3768546,21784
2134 ,3770256,21899
2135 ,3774197,21918
2136 ,3783357,21970
2137 ,3778538,21971
2138 ,3777396,21872
2139 ,3779881,21841
2140 ,3785959,21774
2141 ,3783601,23420
2142 ,3785851,21958
2143 ,3789900,21933
2144 ,3806819,21936
2145 ,3800440,21915
2146 ,3794833,21876
2147 ,3793341,21988
2148 ,3794793,21899
2149 ,3796891,21885
2150 ,3798207,21914
2151 ,3798740,21885
2152 ,3806007,21964
2153 ,3820935,22080
2154 ,3808017,21880
2155 ,3807379,22003
2156 ,3808745,21940
2157 ,3811309,23415
2158 ,3813706,21990
2159 ,3815661,22045
2160 ,3818740,21984
2161 ,3825561,22042
2162 ,3827148,21992
2163 ,3823364,22024
2164 ,3822529,22017
2165 ,3834814,21919
2166 ,3826004,21960
2167 ,3831759,21985
2168 ,3834330,21918
2169 ,3837836,21965
2170 ,3839131,22075
2171 ,3848701,22049
2172 ,3837520,21963
2173 ,3838411,25385
2174 ,3840012,22124
2175 ,3839714,22136
2176 ,3846403,22031
2177 ,3851124,22002
2178 ,3850193,21944
2179 ,3853167,22130
2180 ,3853238,22133
2181 ,3852751,22110
2182 ,3853876,21957
2183 ,3855411,21986
2184 ,3861561,22067
2185 ,3872399,22046
2186 ,3864329,22017
2187 ,3864146,22081
2188 ,3869474,22085
2189 ,3868030,23736
2190 ,3868469,22249
2191 ,3869882,22267
2192 ,3873022,22154
2193 ,3880938,22335
2194 ,3875967,22223
2195 ,3876638,22352
2196 ,3883780,22230
2197 ,3884358,22423
2198 ,3882703,22440
2199 ,3884363,22489
2200 ,3891455,22425
2201 ,3902905,22472
2202 ,3891400,22555
2203 ,3890943,22584
2204 ,3892039,22602
2205 ,3893720,24144
2206 ,3894815,22601
2207 ,3897195,22621
2208 ,3905024,22660
2209 ,3918000,22595
2210 ,3904743,22653
2211 ,3904400,22790
2212 ,3907472,22681
2213 ,3907390,22857
2214 ,3909311,22955
2215 ,3910827,23032
2216 ,3914667,23419
2217 ,3923741,23097
2218 ,3926278,22994
2219 ,3921135,22784
2220 ,3919770,23010
2221 ,3921984,24466
2222 ,3923287,22900
2223 ,3925336,22857
2224 ,3928952,22883
2225 ,3938879,22928
2226 ,3947725,22806
2227 ,3938119,23058
2228 ,3933395,23043
2229 ,3936233,22996
2230 ,3937243,22862
2231 ,3938964,22844
2232 ,3942896,23166
2233 ,3950080,23009
2234 ,3947262,22922
2235 ,3952902,22988
2236 ,3950205,23142
2237 ,3949264,24793
2238 ,3951097,22963
2239 ,3953022,23300
2240 ,3957472,23114
2241 ,3962263,22945
2242 ,3959358,23140
2243 ,3965429,23177
2244 ,3964311,23417
2245 ,3964408,22937
2246 ,3965918,22986
2247 ,3967137,22899
2248 ,3972260,23124
2249 ,3972389,22980
2250 ,3972909,22865
2251 ,3975795,23049
2252 ,3980642,23151
2253 ,3978029,25165
2254 ,3980749,23346
2255 ,3983452,23282
2256 ,3991395,23150
2257 ,3987859,23078
2258 ,3986764,22980
2259 ,3988328,23152
2260 ,3994889,23276
2261 ,3992313,22891
2262 ,3993181,23019
2263 ,3998095,23040
2264 ,4011013,23173
2265 ,4002324,23166
2266 ,4002380,22953
2267 ,4008163,22993
2268 ,4009739,23043
2269 ,4005222,24356
2270 ,4008235,23135
2271 ,4012967,23240
2272 ,4024011,22947
2273 ,4017583,23050
2274 ,4016781,23019
2275 ,4015322,23035
2276 ,4017201,23118
2277 ,4018947,23037
2278 ,4021432,23095
2279 ,4025947,23088
2280 ,4033131,23109
2281 ,4034953,23181
2282 ,4032815,23135
2283 ,4031989,23241
2284 ,4031521,23133
2285 ,4032522,24787
2286 ,4035998,23313
2287 ,4042196,23452
2288 ,4043070,23356
2289 ,4047535,23414
2290 ,4042966,23470
2291 ,4042669,23433
2292 ,4045482,23384
2293 ,4046583,23372
2294 ,4050390,23483
2295 ,4058324,23568
2296 ,4056475,23453
2297 ,4061271,23523
2298 ,4056881,23559
2299 ,4056821,23724
2300 ,4058643,25805
2301 ,4060036,25291
2302 ,4063579,23753
2303 ,4070949,23711
2304 ,4067528,23765
2305 ,4071446,23777
2306 ,4070735,23694
2307 ,4073275,23844
2308 ,4073555,23718
2309 ,4079964,23902
2310 ,4087290,23858
2311 ,4083448,23953
2312 ,4080994,23789
2313 ,4087064,23851
2314 ,4087845,23837
2315 ,4086470,23796
2316 ,4086549,23805
2317 ,4090322,25143
2318 ,4099408,24018
2319 ,4093430,23982
2320 ,4094154,23879
2321 ,4096413,23858
2322 ,4100139,23879
2323 ,4100418,23837
2324 ,4102900,23874
2325 ,4106599,23934
2326 ,4112664,23841
2327 ,4106426,23870
2328 ,4108047,23983
2329 ,4109537,23993
2330 ,4115924,23868
2331 ,4113534,23890
2332 ,4115957,23794
2333 ,4124313,25474
2334 ,4129604,24016
2335 ,4122087,23924
2336 ,4121240,23884
2337 ,4123649,23925
2338 ,4125321,23883
2339 ,4126393,23903
2340 ,4130480,23867
2341 ,4137659,23917
2342 ,4141608,24062
2343 ,4135557,23961
2344 ,4135871,23968
2345 ,4137469,24001
2346 ,4138784,23878
2347 ,4141898,24018
2348 ,4149516,23876
2349 ,4154148,25446
2350 ,4154798,24060
2351 ,4149569,24030
2352 ,4152102,24026
2353 ,4160761,23997
2354 ,4169851,23934
2355 ,4174826,23952
2356 ,4171548,24031
2357 ,4159972,24059
2358 ,4166071,23961
2359 ,4163110,24026
2360 ,4164166,23997
2361 ,4165082,24113
2362 ,4168627,24036
2363 ,4181892,24085
2364 ,4177630,24032
2365 ,4173226,25419
2366 ,4181219,24126
2367 ,4176187,24140
2368 ,4178193,24201
2369 ,4178303,24166
2370 ,4182753,24207
2371 ,4189799,24475
2372 ,4183741,24198
2373 ,4186932,24158
2374 ,4191803,24369
2375 ,4190411,24253
2376 ,4192421,24401
2377 ,4196498,24351
2378 ,4204577,24426
2379 ,4198141,24395
2380 ,4198018,24447
2381 ,4200810,26015
2382 ,4205901,24408
2383 ,4203716,24443
2384 ,4206202,24461
2385 ,4218158,24603
2386 ,4221529,24609
2387 ,4211897,24628
2388 ,4213244,24625
2389 ,4213566,24647
2390 ,4215323,24602
2391 ,4216637,24645
2392 ,4220728,24651
2393 ,4232835,24837
2394 ,4233428,24634
2395 ,4225894,24910
2396 ,4226054,24999
2397 ,4227290,26566
2398 ,4228770,25043
2399 ,4233821,24930
2400 ,4247591,25050
2401 ,4247301,24879
2402 ,4240364,25170
2403 ,4239174,25006
2404 ,4240349,24976
2405 ,4240680,25007
2406 ,4243386,25038
2407 ,4247990,25061
2408 ,4254512,25040
2409 ,4257207,25087
2410 ,4252495,25015
2411 ,4253164,25016
2412 ,4253323,26401
2413 ,4255060,24956
2414 ,4259025,25059
2415 ,4266023,25139
2416 ,4262442,24979
2417 ,4268589,24887
2418 ,4265419,24991
2419 ,4266967,24989
2420 ,4267222,24920
2421 ,4271414,27093
2422 ,4279243,24945
2423 ,4277326,24972
2424 ,4277267,24957
2425 ,4282420,24935
2426 ,4277986,24870
2427 ,4279652,24935
2428 ,4282361,26572
2429 ,4293608,25218
2430 ,4288262,24970
2431 ,4288572,24875
2432 ,4291841,24942
2433 ,4292987,25011
2434 ,4292670,24940
2435 ,4295339,24998
2436 ,4299469,24919
2437 ,4302473,24966
2438 ,4299010,25148
2439 ,4300771,25118
2440 ,4307114,25012
2441 ,4304746,25079
2442 ,4305810,24977
2443 ,4311525,25042
2444 ,4325108,26526
2445 ,4314373,25127
2446 ,4314172,25073
2447 ,4315871,25048
2448 ,4316065,25147
2449 ,4317296,25004
2450 ,4321744,25087
2451 ,4331768,25096
2452 ,4333208,25178
2453 ,4327444,25113
2454 ,4326431,25054
2455 ,4329188,25492
2456 ,4331243,25005
2457 ,4333807,25042
2458 ,4343558,25114
2459 ,4347347,25125
2460 ,4350328,26846
2461 ,4338640,25412
2462 ,4340673,25273
2463 ,4341942,25325
2464 ,4345955,25275
2465 ,4354305,25318
2466 ,4349413,25321
2467 ,4357735,25451
2468 ,4352872,25346
2469 ,4354206,25385
2470 ,4355850,25433
2471 ,4360671,25492
2472 ,4373974,25502
2473 ,4362639,25607
2474 ,4362512,25464
2475 ,4365884,25604
2476 ,4365507,26993
2477 ,4367185,25830
2478 ,4371003,25630
2479 ,4373335,25711
2480 ,4378179,25609
2481 ,4374061,25767
2482 ,4379677,25814
2483 ,4378415,25777
2484 ,4380727,25751
2485 ,4385037,25761
2486 ,4388271,25941
2487 ,4390011,25915
2488 ,4388292,25856
2489 ,4388320,25922
2490 ,4392982,25965
2491 ,4391308,26102
2492 ,4393115,27866
2493 ,4402664,26375
2494 ,4408717,26095
2495 ,4400110,26129
2496 ,4399069,26091
2497 ,4401805,25872
2498 ,4403836,26037
2499 ,4405298,25983
2500 ,4413333,26000
2501 ,4419791,25993
2502 ,4414102,26032
2503 ,4413016,26016
2504 ,4414134,26000
2505 ,4414980,26201
2506 ,4417902,26059
2507 ,4421816,26238
2508 ,4434321,27413
2509 ,4440355,26140
2510 ,4424377,26127
2511 ,4425898,26059
2512 ,4427441,26059
2513 ,4429091,26162
2514 ,4433104,26123
2515 ,4438562,26185
2516 ,4440447,25955
2517 ,4440635,26141
2518 ,4438976,26093
2519 ,4439329,26243
2520 ,4442097,26090
2521 ,4446773,26134
2522 ,4452394,26172
2523 ,4447378,26109
2524 ,4452563,27554
2525 ,4451365,26266
2526 ,4452346,26128
2527 ,4454835,26148
2528 ,4460733,26070
2529 ,4465994,26135
2530 ,4461804,26190
2531 ,4466830,26079
2532 ,4463623,26171
2533 ,4465012,26135
2534 ,4466733,26250
2535 ,4469854,26121
2536 ,4476259,26217
2537 ,4471806,28023
2538 ,4473067,26285
2539 ,4478258,26217
2540 ,4477653,27514
2541 ,4478559,26243
2542 ,4482550,26261
2543 ,4487337,26167
2544 ,4483509,26135
2545 ,4486294,26203
2546 ,4492906,26211
2547 ,4487931,26145
2548 ,4490317,26219
2549 ,4495713,26205
2550 ,4509804,26172
2551 ,4499702,26201
2552 ,4497728,26191
2553 ,4498567,26378
2554 ,4501165,26378
2555 ,4506012,26434
2556 ,4507718,28052
2557 ,4521002,26599
2558 ,4516928,26480
2559 ,4508637,26615
2560 ,4511139,26483
2561 ,4511927,26455
2562 ,4515207,26472
2563 ,4522554,26530
2564 ,4522969,26578
2565 ,4527021,26552
2566 ,4521880,26522
2567 ,4522500,26599
2568 ,4524557,26637
2569 ,4529659,26699
2570 ,4540929,26747
2571 ,4533439,26707
2572 ,4539669,28260
2573 ,4534625,26826
2574 ,4533863,26888
2575 ,4536577,26880
2576 ,4540142,26930
2577 ,4552658,26958
2578 ,4545410,26977
2579 ,4549280,26922
2580 ,4549695,26922
2581 ,4548322,27019
2582 ,4550138,27205
2583 ,4552794,27038
2584 ,4562790,27222
2585 ,4554618,27088
2586 ,4556125,27349
2587 ,4562293,27173
2588 ,4559713,29039
2589 ,4561213,27510
2590 ,4566514,27304
2591 ,4572687,27413
2592 ,4567362,27359
2593 ,4569694,27532
2594 ,4580084,27388
2595 ,4572129,33250
2596 ,4574006,28965
2597 ,4582999,27958
2598 ,4586563,27530
2599 ,4582596,27533
2600 ,4580607,27599
2601 ,4582698,27609
2602 ,4583228,27421
2603 ,4588695,27514
2604 ,4605369,29584
2605 ,4603461,27517
2606 ,4592018,27496
2607 ,4594263,27549
2608 ,4594213,27537
2609 ,4595830,27504
2610 ,4599933,27426
2611 ,4608901,27438
2612 ,4609931,27497
2613 ,4606103,27493
2614 ,4606722,27532
2615 ,4607686,27559
2616 ,4608692,27467
2617 ,4612355,27466
2618 ,4621917,27466
2619 ,4627161,27450
2620 ,4620230,29133
2621 ,4616840,27491
2622 ,4618643,27492
2623 ,4620532,27530
2624 ,4626038,27527
2625 ,4629966,27564
2626 ,4627811,27419
2627 ,4633595,27459
2628 ,4630367,27392
2629 ,4631178,27459
2630 ,4633197,27491
2631 ,4639028,27486
2632 ,4639327,27410
2633 ,4642519,27444
2634 ,4646070,27547
2635 ,4642222,27493
2636 ,4642340,29145
2637 ,4648981,27572
2638 ,4662243,27559
2639 ,4651111,27592
2640 ,4650519,27653
2641 ,4655378,27804
2642 ,4654754,27598
2643 ,4655774,27639
2644 ,4658257,32135
2645 ,4669422,27940
2646 ,4660152,27680
2647 ,4662033,27795
2648 ,4669649,27816
2649 ,4670887,27901
2650 ,4667149,27903
2651 ,4674299,27874
2652 ,4679622,29411
2653 ,4673975,28016
2654 ,4674951,27971
2655 ,4681349,28026
2656 ,4677546,27891
2657 ,4683752,28068
2658 ,4693228,28057
2659 ,4693240,28046
2660 ,4685148,27974
2661 ,4689820,28019
2662 ,4690057,28133
2663 ,4689670,28133
2664 ,4693541,28114
2665 ,4703954,28222
2666 ,4705782,28145
2667 ,4697562,28257
2668 ,4701303,29706
2669 ,4700091,28394
2670 ,4702606,28429
2671 ,4708981,28904
2672 ,4714716,28432
2673 ,4730164,28522
2674 ,4712294,28513
2675 ,4710499,28485
2676 ,4713060,28473
2677 ,4715772,28637
2678 ,4725592,28492
2679 ,4722096,28599
2680 ,4724990,28511
2681 ,4723036,28521
2682 ,4723991,33922
2683 ,4724393,30338
2684 ,4730784,31554
2685 ,4738606,28882
2686 ,4730562,28660
2687 ,4737452,28559
2688 ,4734649,28525
2689 ,4735036,28560
2690 ,4740341,28525
2691 ,4747446,28627
2692 ,4742119,28504
2693 ,4742590,28417
2694 ,4747166,28423
2695 ,4748305,28395
2696 ,4747571,28471
2697 ,4751203,28512
2698 ,4756802,28494
2699 ,4754311,28576
2700 ,4757312,29999
2701 ,4759859,28541
2702 ,4757491,28524
2703 ,4760919,28640
2704 ,4772489,28674
2705 ,4768816,28590
2706 ,4766280,28637
2707 ,4766396,28607
2708 ,4769162,28596
2709 ,4769896,35850
2710 ,4776176,30566
2711 ,4793677,29537
2712 ,4778922,28972
2713 ,4778220,28882
2714 ,4777838,28720
2715 ,4779564,28862
2716 ,4783475,31577
2717 ,4787714,28858
2718 ,4799192,28740
2719 ,4792998,28703
2720 ,4791303,28779
2721 ,4793030,28836
2722 ,4793040,28727
2723 ,4795990,28799
2724 ,4804405,28678
2725 ,4806700,28713
2726 ,4802527,28758
2727 ,4800206,28672
2728 ,4802513,28629
2729 ,4957291,28716
2730 ,4948565,28683
2731 ,4935129,28858
2732 ,4931984,30361
2733 ,4902903,28856
2734 ,4889599,28839
2735 ,4897319,28981
2736 ,4917118,29318
2737 ,4932180,29066
2738 ,4912073,29033
2739 ,4933277,28964
2740 ,4909493,29126
2741 ,4905415,29153
2742 ,4919283,29158
2743 ,4955713,29184
2744 ,4921567,29200
2745 ,4921270,29378
2746 ,4942747,29108
2747 ,4926216,29297
2748 ,4925775,30778
2749 ,4956332,29223
2750 ,4938155,29252
2751 ,4925496,29366
2752 ,4954234,29369
2753 ,4934217,29347
2754 ,4930978,29413
2755 ,4978381,29529
2756 ,4980946,29386
2757 ,4941142,29422
2758 ,4931733,29405
2759 ,4932989,29533
2760 ,4938681,29660
2761 ,4975867,29770
2762 ,4988302,29674
2763 ,4957272,30052
2764 ,4949846,31053
2765 ,4947365,29643
2766 ,4954482,29811
2767 ,4987132,29699
2768 ,4990710,29721
2769 ,4990839,29948
2770 ,4972567,30220
2771 ,4957307,30006
2772 ,4960117,29904
2773 ,4971831,30055
2774 ,4994544,30035
2775 ,4976921,30035
2776 ,4998277,29932
2777 ,4997172,30006
2778 ,4976674,29967
2779 ,4977593,30552
2780 ,5009914,31709
2781 ,4982874,29991
2782 ,4989738,29986
2783 ,5005549,29938
2784 ,4987067,29946
2785 ,4985424,30028
2786 ,5022267,30003
2787 ,5014964,30027
2788 ,4998391,29937
2789 ,5018042,29873
2790 ,5007853,29995
2791 ,4992271,29962
2792 ,5042406,30002
2793 ,5034541,30231
2794 ,5009644,29943
2795 ,5003742,29945
2796 ,5031257,31290
2797 ,5028720,30023
2798 ,5041691,30135
2799 ,5053614,29919
2800 ,5027937,30055
2801 ,5007576,30093
2802 ,5011809,30216
2803 ,5010772,30039
2804 ,5026241,30161
2805 ,5052717,29924
2806 ,5062783,30079
2807 ,5050695,30113
2808 ,5025186,29922
2809 ,5019758,30123
2810 ,5032549,30106
2811 ,5065580,30166
2812 ,5070748,31713
2813 ,5041864,30571
2814 ,5032214,29969
2815 ,5037372,30143
2816 ,5036416,29969
2817 ,5073047,30098
2818 ,5056416,30128
2819 ,5076539,29993
2820 ,5050698,29911
2821 ,5044451,29970
2822 ,5047072,29907
2823 ,5070009,30203
2824 ,5079138,30104
2825 ,5125509,30126
2826 ,5082008,30289
2827 ,5076096,30262
2828 ,5067814,31682
2829 ,5084233,30321
2830 ,5097887,30171
2831 ,5072943,30382
2832 ,5095243,30376
2833 ,5076466,30367
2834 ,5077367,30402
2835 ,5089426,30549
2836 ,5103141,30460
2837 ,5099785,30506
2838 ,5135032,30621
2839 ,5102489,30557
2840 ,5081993,30490
2841 ,5107066,30676
2842 ,5135057,30716
2843 ,5095263,30599
2844 ,5085828,32204
2845 ,5083558,30751
2846 ,5086337,30684
2847 ,5115425,30783
2848 ,5144466,30596
2849 ,5105872,30723
2850 ,5098287,30917
2851 ,5097791,30810
2852 ,5095201,30798
2853 ,5109276,30842
2854 ,5139304,30896
2855 ,5144722,31030
2856 ,5113552,30931
2857 ,5109121,30912
2858 ,5126222,31095
2859 ,5137382,31089
2860 ,5153939,32441
2861 ,5152796,31547
2862 ,5127802,31214
2863 ,5113358,31229
2864 ,5115304,31188
2865 ,5135648,31299
2866 ,5156854,31164
2867 ,5141119,31090
2868 ,5173207,31013
2869 ,5157754,31185
2870 ,5150078,31204
2871 ,5152463,31265
2872 ,5174990,31325
2873 ,5159577,31224
2874 ,5168427,31198
2875 ,5148849,31252
2876 ,5138730,32754
2877 ,5152431,31288
2878 ,5178865,31247
2879 ,5176093,31293
2880 ,5155953,31158
2881 ,5181102,31288
2882 ,5160024,31227
2883 ,5165720,31185
2884 ,5196945,31181
2885 ,5177823,31197
2886 ,5219418,31736
2887 ,5228845,31222
2888 ,5197200,31270
2889 ,5238927,31212
2890 ,5231255,31271
2891 ,5184665,31227
2892 ,5166724,32686
2893 ,5166776,31327
2894 ,5173746,31297
2895 ,5186832,31256
2896 ,5212551,31168
2897 ,5217452,31323
2898 ,5190234,31390
2899 ,5204459,31470
2900 ,5188613,31862
2901 ,5199926,31259
2902 ,5226346,31275
2903 ,5224308,31304
2904 ,5199710,31296
2905 ,5202554,31628
2906 ,5197608,31703
2907 ,5213074,31562
2908 ,5235270,33117
2909 ,5261063,33634
2910 ,5220586,31443
2911 ,5197458,32233
2912 ,5205483,31620
2913 ,5220251,31448
2914 ,5237253,31599
2915 ,5219845,31607
2916 ,5235941,31649
2917 ,5218629,31591
2918 ,5213900,31744
2919 ,5231498,31573
2920 ,5261310,31977
2921 ,5226529,31647
2922 ,5251539,31812
2923 ,5234249,31734
2924 ,5223700,33431
2925 ,5236437,31771
2926 ,5260403,31706
2927 ,5245722,31783
2928 ,5261683,31760
2929 ,5252277,31944
2930 ,5250990,31784
2931 ,5264259,31953
2932 ,5275508,32038
2933 ,5247885,31911
2934 ,5240978,31959
2935 ,5265730,31910
2936 ,5250882,31933
2937 ,5268854,32000
2938 ,5294460,32152
2939 ,5264025,31972
2940 ,5249929,33502
2941 ,5264496,32245
2942 ,5260296,32150
2943 ,5291999,32239
2944 ,5304315,32111
2945 ,5273687,32226
2946 ,5265193,32102
2947 ,5268466,32229
2948 ,5268333,32271
2949 ,5303402,32239
2950 ,5288703,32472
2951 ,5306824,32520
2952 ,5296444,32734
2953 ,5283889,32746
2954 ,5280594,32809
2955 ,5315316,32478
2956 ,5292084,34212
2957 ,5308901,32764
2958 ,5292371,32458
2959 ,5286621,32557
2960 ,5292116,32791
2961 ,5320779,32580
2962 ,5322071,32375
2963 ,5328245,32664
2964 ,5306291,32567
2965 ,5295651,32478
2966 ,5310134,32461
2967 ,5332172,32423
2968 ,5314122,32649
2969 ,5328288,32672
2970 ,5311169,32465
2971 ,5309286,32457
2972 ,5331267,33882
2973 ,5349626,32671
2974 ,5316660,32579
2975 ,5313590,32646
2976 ,5338932,32827
2977 ,5324588,32706
2978 ,5350290,32550
2979 ,5366159,32522
2980 ,5333878,32367
2981 ,5321977,32598
2982 ,5319725,32400
2983 ,5334039,32541
2984 ,5382731,32623
2985 ,5372238,32445
2986 ,5342428,32459
2987 ,5332955,32516
2988 ,5333907,34005
2989 ,5337933,32760
2990 ,5385502,32477
2991 ,5386321,32695
2992 ,5357712,32828
2993 ,5344722,32680
2994 ,5357493,32663
2995 ,5360322,32564
2996 ,5387477,32646
2997 ,5389068,32594
2998 ,5364839,32700
2999 ,5350406,32828
3000 ,5354750,32697
